0.07391372789998696,-0.0025863025236240243,0.010122591920204432
0.0746285670928742,-0.006218608481774484,0.010503850827899579
0.07483127199426419,-0.002905204827717219,0.01239336583134157
0.07544934287556926,8.891823603908422E-4,0.014204612433106292
0.0752934821457373,0.0029068186144914337,0.01504416670713218
0.07586363444787989,-0.00756067516828534,0.012005005595922226
0.07540858701377033,-0.004519712899721105,0.013712483359724418
0.07609255489482052,0.0015883390895009247,0.016931782792000426
0.07570576815718608,0.00532887610705652,0.01882882755686139
0.07593662253781493,-0.0020132400175738325,0.0164581658206815
0.07613982882942033,-0.009155893267753417,0.013888883479102268
0.07507895876069744,-0.01252185403599539,0.01287160141205109
0.07637447945025184,0.0014240340076237244,0.021762261276075712
0.0768767291917876,0.0062433635306551015,0.02542447483423492
0.0760801633937816,-0.0016520681108844343,0.023144641041340466
0.07613725025116938,-0.0095948357075106,0.01999358026809305
0.07577990228189935,-0.01359760341213042,0.018540943654307245
0.0761785791303574,0.003091278768487907,0.027390930565706788
0.07610616405781141,0.0048210628336629695,0.02984299156517938
0.07555298739582053,-0.0066998583405635925,0.026506470790796773
0.07538108217909414,-0.01191568913180693,0.024716063643363505
0.07600208977451832,-0.002458172779934917,0.03221404563990758
0.07653621360832194,0.0026609975829564743,0.03597154567661514
0.07717770657540603,-9.719549033778553E-4,0.035959587197662984
0.07585203084575085,-0.009538107151128036,0.03428817476257464
0.07773847571780226,6.361268835111821E-4,0.03910754064960789
0.07825841737122605,0.003325776800190196,0.040125108339122244
0.07606977745360434,0.00846373118538516,0.043474926251583806
0.07736250468338693,0.002418095865152004,0.045379959029288125
0.07777801391764938,-0.0020101888825064685,0.0449028361207016
0.07760789938026381,-0.004003268182810909,0.04503956924349223
0.07782901246527828,-0.0017990606212131936,0.04621540002597365
0.07651307803123752,0.00700275578753211,0.049498134324092856
0.07497216264480615,0.011592292550823998,0.05099871156977241
0.07564502831394278,0.007948644469922958,0.05006539466011982
0.07705808919543392,0.003668512716735983,0.048893331897056254
0.07778847148500019,-0.006498008801859013,0.04663758769102736
0.07621353319109178,-0.013341421918200135,0.04592536140011225
0.07805829104808705,0.0018031650140454482,0.04708223438393988
0.07594736661386038,-0.012272812231620463,0.041497356353715736
0.07726910284896561,7.757313221759088E-4,0.040924185829797205
0.07552920717417337,-0.0112165144600672,0.03516494941000056
0.07457083559092366,-0.015197149691580408,0.033214034993103936
0.07602730253963819,6.581212224248019E-5,0.03444314064238181
0.07532721854451983,-0.009475796355119779,0.02818074572793351
0.07495153401879902,-0.020207298777466465,0.024504644954518665
0.07740956373646576,-0.007697380167025642,0.025246282512368448
0.07606161195580984,-0.00101470940211199,0.026707425025881373
0.0755941730206613,-0.007947109427484817,0.022126668458444278
0.07597544446592568,-0.015099165215863353,0.0194224624594592
0.07482568507472052,-0.018660130037525553,0.01852380630651754
0.0791674378318406,-0.002272244889157042,0.02511291879303063
0.07538315936712957,-0.006401795453209264,0.02552040945606504
0.07496843803177707,-0.008790958001844386,0.024991345631746285
0.07514678969413076,-0.011890324017780916,0.02618387277348913
0.0748280487714505,-0.017579285249079157,0.026456130616341618
0.07446009998048239,-0.020256623250731756,0.027342964824145922
0.07447972582605863,-0.020034799394871773,0.02957688716011843
0.07478285202488624,-0.016121390797002554,0.03185358381398068
0.07402324584847639,-0.020377889566506845,0.03322296932652581
0.0709644073983508,-0.03215572862437494,0.03289737070400077
0.06685515644685322,-0.03967766961876029,0.032964156141046426
0.07236622281358111,-0.02647367857432947,0.03679727080149056
0.06849033319378951,-0.037094500688513415,0.03835149642026455
0.06752415424861345,-0.0399439021102498,0.03935020047237669
0.07086570515308041,-0.03245726259785432,0.042274968217736165
0.06691754371509016,-0.043567016095874295,0.044657277700737956
0.06866066261269596,-0.03842511255385472,0.04615473036221887
0.06545556147400572,-0.04609379767646017,0.045646207814934836
0.06344455694700123,-0.04911371307407727,0.0449073087801522
0.06593338634933148,-0.04523479468650339,0.0436228943810435
0.06734651885799622,-0.04120515824581682,0.042538880234989224
0.06617362388970657,-0.0444667671237569,0.04144059752061041
0.06235360346535121,-0.05090423061152484,0.04114647543513831
0.06660933198693444,-0.041400390807539655,0.039726685404616116
0.06492344320106377,-0.045937184056532854,0.038929637088912956
0.0626440516544452,-0.04983620057687237,0.03915776939991532
0.0649530968509491,-0.04355141578086312,0.03739430963333343
0.05928108422506115,-0.05269137493010135,0.03877250393096496
0.05673581260990572,-0.05457372498861608,0.03925036443602229
0.060911032188322084,-0.049885497170605,0.03642936082056276
0.06425172356670532,-0.042548093143375806,0.03447173898384443
0.054907170866978536,-0.0555225441019287,0.03623609642102482
0.06049494993667058,-0.048696411385850416,0.03335154494622018
0.06579364173356755,-0.038444898539719705,0.03132908367165576
0.0609409007197283,-0.04544669640305545,0.030007822405444987
0.06590602476900251,-0.03736746596686833,0.029475301293838622
0.068495561977465,-0.03328795328052191,0.02868039671596337
0.06160560089107045,-0.04241670405952286,0.025708134035300985
0.0588081299975426,-0.04689197673010802,0.026033850359390515
0.0624893369593914,-0.0413489304127057,0.026355335704575194
0.05285555373252246,-0.05540785887787604,0.02848060066427334
0.049477329715153895,-0.05885680140138075,0.028709506666892964
0.05461493199854357,-0.05308913454971,0.028046889231379015
0.05849203928028691,-0.047865865572887384,0.027315110356570887
0.05579670873636405,-0.05144704433719886,0.027416854727624188
0.0495873490538588,-0.05885583160910493,0.029299332746863905
0.043028878527051666,-0.06594070598349278,0.031958471601482956
0.03636003052567141,-0.07151778178061148,0.03473744477294031
0.042295487896192585,-0.06570906156955258,0.03178971423702598
0.048236532186257425,-0.06028873314487445,0.030062278995948905
0.04243752458151283,-0.06493641355372963,0.02962572703196488
0.037183313259443664,-0.06959026385986437,0.031020338343811432
0.03242454709741477,-0.07305796563760462,0.03313438399038244
0.04633253865666519,-0.06113287710379328,0.027163619026947416
0.0517916036953332,-0.05548966027519002,0.02552572015065481
0.04849883089611245,-0.059331776670197955,0.026858307446077846
0.04260176569066017,-0.06484608465470322,0.029391493071859356
0.03715365960955837,-0.06928547930283592,0.031330543171055415
0.03155707039750911,-0.07291089824529261,0.03390630066803575
0.03871814033611601,-0.0673733721855213,0.029407980707013077
0.03511450560331494,-0.06972591542773077,0.028151255993289152
0.024709440970733413,-0.07680850218540701,0.033664113220879116
0.020478638705575602,-0.078007840776779,0.03476042482639127
0.02212076328835465,-0.07670514114147528,0.03231575705452281
0.029612106124597037,-0.07180222604569493,0.02592582700221023
0.037140623463956635,-0.0665884512513959,0.02074915055247001
0.02468659190234353,-0.07556547147431066,0.027766287132281294
0.020359236207124362,-0.0780472957583371,0.030306865985666943
0.0295548043856883,-0.06995489320180208,0.020236883526081034
0.01797469596960815,-0.07797505170582966,0.02678426060718025
0.012807798172201259,-0.08090868211703424,0.03039770491443173
0.027216893438209093,-0.06929957657358557,0.015178748245323918
0.015911690114543874,-0.07644606256819707,0.020249262591956974
0.012681805973775486,-0.07849026534836677,0.021465438332037103
0.012745697412658859,-0.07741874628495962,0.018806911525553378
0.01792004443612385,-0.07410758131398698,0.012953509146102373
0.022618285636430282,-0.07136133037050937,0.008512266597086251
0.021275777520970686,-0.0709243764489308,0.006117116658075713
0.02085869248888823,-0.07035636353302967,0.001006010965235636
0.02093089267991328,-0.07010554184497265,-0.00358548940100807
0.01881925197395027,-0.07174485643316962,-0.006851009452982101
0.010498752975697403,-0.07644440160586329,-0.0038671241351649066
0.006347456873275471,-0.07883030674551098,-9.526435065418275E-4
0.0011160946195962205,-0.0793460820973457,0.003889548637231467
-5.92643234664354E-4,-0.0799449097946735,0.006345484372207081
0.014904970189089851,-0.07458405026794188,0.0018183259585302213
0.009788497921922733,-0.07650773112777436,0.0065396778294273955
8.84523967230994E-4,-0.07974864056441819,0.012580021680371952
-0.001651794251219914,-0.08032184675988469,0.013867858840976001
-5.164319219153426E-5,-0.07903048924733158,0.010108615251759805
0.006629667937401328,-0.07670346963972942,0.0027550405200110887
-0.004216763339125268,-0.07997357753734023,0.007123257879709405
-0.0024648342991621932,-0.07937985518922679,0.004354099449376302
9.285746790171829E-4,-0.07826580702392348,9.727281015063235E-4
-0.0029422294114461863,-0.08016643144053584,0.003630641290500506
-0.0064137120088887745,-0.08209096628276051,0.005705484469325458
-0.003256457822187349,-0.08037439393716635,0.001451647920644077
9.375280757216633E-4,-0.07830413058115979,-0.0027927003125852476
-0.00389558709254141,-0.08104608433565284,0.00147024319847926
-0.008143364997851042,-0.08313328005976232,0.003791879879017894
-0.005400044247592055,-0.08120419164071785,-0.0010971700422558598
-0.0035024971636270037,-0.08012089138058452,-0.004301194950169487
-0.006307202401692036,-0.08157319869877348,-0.0020463264437804
-0.00978856954909639,-0.0824992877444226,-2.7645586531930134E-4
-0.006581104713676128,-0.08048271292692248,-0.004336701588790557
-0.0036118718577691595,-0.07933948735474648,-0.006723475884472
-0.008103253780614845,-0.08120169345833325,-0.0030343463325452485
-0.011413360355855579,-0.08173234578383559,-9.91896193622051E-4
-0.007717684704932262,-0.07954467733852749,-0.005753837841372057
-0.004389528081935308,-0.07861445273593981,-0.007800311804446595
-0.00639960145568248,-0.07990393754019798,-0.005693932453109369
-0.010266466051595815,-0.08090584759746015,-0.003241681561779392
-0.00908597860290083,-0.07948541960876301,-0.006007334054844883
-0.006477889956466632,-0.07873381846388725,-0.009139899988925497
-0.01025557872120315,-0.07994013511276861,-0.006703946840891863
-0.014469548600556633,-0.08072345395509026,-0.003983860546825819
-0.012389423850993373,-0.07954966316388455,-0.007323815068183155
-0.008959341759912361,-0.07843529173448929,-0.01050857772272949
-0.011496591131620559,-0.07939146110303023,-0.007490613878607035
-0.013926614624395671,-0.080152464786105,-0.004492971601932283
-0.010429704380312311,-0.07903201821521949,-0.006774685481150183
-0.006249112763873232,-0.0781326820957535,-0.00806458791187249
-0.005799437367786396,-0.07872783807818635,-0.005502639162438083
-0.007255402926285454,-0.08022311728622072,-0.0014647802765327686
-0.0037006895530778284,-0.07929638171238773,-0.0028414334683465763
0.0040485111082542834,-0.07598884634812149,-0.00744578998414096
0.0016024431285846961,-0.07725474399085926,-0.004952949315958141
-0.0032600391808691284,-0.08009132383336329,-2.7747280683648756E-4
-0.005921633326009453,-0.08125926799138139,0.001034709745366627
-0.0031189336488062196,-0.07970163899061475,-7.1133332837917E-4
0.005866838538177836,-0.07546147559716554,-0.006565128046378473
0.008722828832566323,-0.07419745066272272,-0.0074051044766823455
-8.292277891840528E-4,-0.07941919436090124,-0.002156142003449307
-0.003392907587963917,-0.0801923483269564,-9.645972774314032E-4
0.014712579600703546,-0.07209928190211692,-0.010763760991959985
0.01732926350797412,-0.07122032135734617,-0.011151567245349138
0.01922867289845364,-0.07071418016347765,-0.012015317822325722
0.009341759239954995,-0.0756393156627156,-0.008637155803780838
0.004766931659823347,-0.07721366957737678,-0.006560532977300793
0.01732675655689685,-0.07142553610919515,-0.011659386721954598
0.021595664478429054,-0.0695323746462301,-0.013272571408412766
0.014347997286896282,-0.07442655167462504,-0.014862650493084516
0.008752840618319787,-0.07735847100958061,-0.01300037477037382
0.00800498129838625,-0.07511891614383069,-0.01266111021153443
0.010997564612898521,-0.0735650994359107,-0.01393394120734314
0.015787631849806312,-0.07168928836092976,-0.014932234088656644
0.022275907746450163,-0.06899857761015936,-0.01685898045097804
0.024366919826406083,-0.06820215974667575,-0.017860672553474018
0.02072962032199612,-0.07003927506670145,-0.017789541574667386
0.01729946660374151,-0.07139175619187568,-0.018368195422136965
0.012769620888653282,-0.07378648421779509,-0.01802793746209328
0.009650615612673472,-0.07433739630810902,-0.01714007375793823
0.013460679859893434,-0.07252070238494095,-0.018464095518174798
0.01820755591109878,-0.07063978596074565,-0.019149165704130836
0.023607385277169934,-0.06818691057528921,-0.01975352086522238
0.030428082886658436,-0.06441682766711575,-0.022354397445419016
0.02299533107845024,-0.06960670997843212,-0.024316366393252513
0.018497144574109156,-0.07241154424395765,-0.024795138693096106
0.016005163576138917,-0.07189694553609802,-0.024636334172932366
0.019514107185393155,-0.0700609616403941,-0.02539559557837175
0.024185344941238782,-0.06767595941676559,-0.026067385889144926
0.02821766830825133,-0.06525270051215742,-0.025806264183647374
0.033627668732978844,-0.06150712873561779,-0.027228441201897442
0.024046961241774086,-0.06849794984848352,-0.02878679422219952
0.01851254441644084,-0.07134593868999474,-0.0282584099282464
0.024239280202986727,-0.06718718966497557,-0.02699377410003458
0.029442636231774306,-0.06361571564886065,-0.026749521382759683
0.03207056560530568,-0.06193234356865878,-0.02673384824243223
0.025713510690762942,-0.06727294393308786,-0.028896217443320122
0.02154065480907662,-0.06819415613782517,-0.02974394491398418
0.027502757488190387,-0.06454905708248411,-0.028725816965022865
0.031057900624439874,-0.06220242734971886,-0.028273836679965546
0.03361076472000062,-0.0608137907601626,-0.028040227322828886
0.036347137634416986,-0.05895170046645949,-0.029672674262654367
0.033890253951528344,-0.06094958290598068,-0.0303300845809553
0.029174822229549334,-0.06395055264924825,-0.031378361393322125
0.026326567669913602,-0.06523645366896239,-0.03267601486440462
0.03227348538821651,-0.06060392767570441,-0.033080826639831244
0.03587855266449024,-0.05755788482599378,-0.03253758370037696
0.03988688092833467,-0.053637038042545285,-0.03278307306875608
0.03426722776637466,-0.059419926186069914,-0.035794335770473584
0.029986644615539734,-0.06353739334339835,-0.036413263954603155
0.03382679227568689,-0.057915036985628256,-0.03744397969354811
0.037004603461221905,-0.0542462101908152,-0.0366186155201371
0.04098299156648649,-0.04962116820529884,-0.03665622823208544
0.03929151586107215,-0.05376956966791128,-0.03867357184262585
0.034469431277549076,-0.05776452638672386,-0.03949687074591862
0.03214004396373259,-0.05856304546680507,-0.03977313515002634
0.041023389292417126,-0.04943207766132287,-0.037579598574861546
0.04401181823085852,-0.04544890213923645,-0.03621080157013888
0.042110045143649015,-0.04837897353396504,-0.03747884760501255
0.03803044784203673,-0.05351514625268061,-0.03894738962354638
0.03549993142465028,-0.055114264575346295,-0.040100345499307785
0.04189416084231011,-0.0467722516797004,-0.03794984532418304
0.044389293435920296,-0.04226124156461446,-0.036083002780770125
0.040300312974561735,-0.0501264523053105,-0.040190154931721844
0.04292172427529224,-0.04574709877910407,-0.04088977303104879
0.044955219734818364,-0.04111836031062475,-0.03934391520883293
0.04768063369166838,-0.03642207194440946,-0.03792723093025907
0.043473611648157606,-0.041176412914372414,-0.04181403005894406
0.04546140897090401,-0.03674778384852771,-0.040462769017976165
0.047007051750795406,-0.03379890737740125,-0.038924875668290795
0.048822155957905365,-0.03045921463920448,-0.03713271241351533
0.05053175333824955,-0.027020598624012168,-0.03593138119474865
0.05262126124755903,-0.023117769810826024,-0.03663272558368812
0.05772548526803442,-0.017234085682010885,-0.03586515915585834
0.05254963407392305,-0.021476859956263673,-0.033061691504153584
0.05879760080301813,-0.015754266211035983,-0.03321927506675501
0.06175286636006608,-0.014983146585321763,-0.032856259901555794
0.05817609181737848,-0.0160988110710848,-0.03045793202030403
0.056121752850324245,-0.016894905670476423,-0.02925963122448442
0.06780400161600939,-0.012014291505287027,-0.02900532993231049
0.07112191555317637,-0.011267405569277026,-0.029421993470604126
0.06328840970847471,-0.013088856809499571,-0.026737128192695997
0.06791423583623517,-0.011303374633545084,-0.027501187113903983
0.0753464146270543,-0.009352691285132586,-0.02909415694899959
0.07787420921184254,-0.008668734793782041,-0.029363337288279223
0.07443094772081253,-0.008901000967838097,-0.02811033979076413
0.06765157899051194,-0.010751562738676631,-0.02358755516722371
0.07082222745868334,-0.009207148568955579,-0.024995309820438287
0.07397991140842658,-0.008761234897127396,-0.02619539026391298
0.0790892209582301,-0.00761449924210241,-0.028574455891797454
0.0812273637184385,-0.005924472368483069,-0.03009503298731511
0.08274621793538992,-0.003974364958024087,-0.0284487757305895
0.08210601425743133,-0.0028103030805739257,-0.025076076633991133
0.08006943882943879,-0.0028074147578407917,-0.02398412783313604
0.07827883111571238,-0.0032961386874684733,-0.020902752663483314
0.07688238773850482,-0.0020004870973954368,-0.01779610932196591
0.07507609367375204,-4.6485310324843746E-4,-0.012578913716311563
0.07211882255584229,2.1681637389954793E-4,-0.007857698379229193
0.07041423907765268,-0.0014639027173101794,-0.0034679855751466784
0.07134746952295618,-0.0024596955248935536,0.0012423729696271531
0.0729144572005911,-0.004376011900841765,0.006853280308499637
0.073507745079818,-0.0043762682886770545,0.009489188012996837
0.07426412803341424,-0.002688553197328289,0.011481549074135771
0.07502616953372772,-0.0024985876168658033,0.013882216862489576
0.07539562249534221,-0.001580193144631246,0.017270440010767055
0.07563192054116735,-3.6341252095044773E-4,0.019869210517636432
0.07595238051601488,0.0015859994276976662,0.02601144939763684
0.07560334129888664,-0.004580551064685983,0.028426366922064874
0.07558027734897585,-0.01077165851086578,0.02986499704967639
0.07479896813895429,-0.01672585456184502,0.031546396854850244
0.07586356282070626,-0.00913310626073631,0.034793982327104414
0.07659587904396074,-0.0021478927333435077,0.03586659825365351
0.07631302333527219,0.008400042514122852,0.03824168870736662
0.07500210280338604,0.01357426817358349,0.039189779517393955
0.07527543209798103,0.009244583438828622,0.03792521587947501
0.07655648409846096,9.746424242320969E-4,0.0375981357865916
0.07623953385512168,-0.008220140401808119,0.03767237408670074
0.0757881394068676,-0.013300179047233362,0.03817182419739387
0.07588848907713162,-0.014281369211614069,0.04059611704377207
0.07671399225328648,-0.01040175847369398,0.04185990699007379
0.0777535890514395,-0.0019324951625983645,0.04256759156995376
0.0766104193602089,0.0068488998492893345,0.044597435086642996
0.07524119430898304,0.00921574723867756,0.04484894292835303
0.07620472304873455,0.0046595234391969016,0.04406635935024857
0.07731143450858444,-0.003412247757316622,0.04275422387867126
0.07599507031150196,-0.014868577344261693,0.04240825033065595
0.07490340055811555,-0.019022663808015775,0.042516983035931585
0.07588612538040161,-0.012667279159491462,0.041814602873224575
0.07712491734843635,-0.004401452647739192,0.04309581578977914
0.07601054178100733,0.005273389742238313,0.044508469966784904
0.07479216355745888,0.011940744459508771,0.04502994439422535
0.07652059888446933,0.002232912369811976,0.04309590524296818
0.07689162764390389,-0.0051024820851442824,0.04202150966876397
0.0761445562228803,-0.009680374515687963,0.04135458749469809
0.0765691621081945,-0.005599104930930186,0.04096350129104516
0.07595825394425301,0.004840599257131031,0.04106028807220216
0.07502351932830313,0.010290270434701494,0.04122568231062314
0.07482819202579784,0.012501779317900539,0.04125848024390674
0.0759462922062559,-0.0037128688778738077,0.036600687217834015
0.07558758332068671,-0.009518493914500298,0.03504954381069548
0.07589199880863977,0.002688235405277481,0.035786490568861795
0.07442428639366432,0.014878239811160677,0.03685401707976238
0.07332566880443529,0.018728813720159766,0.036543984881479655
0.07475183745870176,0.013328467015854596,0.03354027077343143
0.07565312218456362,0.005066150586951344,0.03226676652467384
0.07582345160347008,0.0010406038810410346,0.03091919032735156
0.07506090871294117,0.013997248037513597,0.031752197255683436
0.07268976275689484,0.023316459832527007,0.03197571095729524
0.07106146221862758,0.027295134425394274,0.03206944377519228
0.07332803250116535,0.021148361913149002,0.02829984872571776
0.07510911380079816,0.01574565760441093,0.026654085815563028
0.0755468990860615,0.012216248848148595,0.026069604955974116
0.07217734195670292,0.025276092416506933,0.025455951371287883
0.06712626529906544,0.03342719842145628,0.026893343278440982
0.06445664891047796,0.03806164665914527,0.027790582304546174
0.06744686852826026,0.03181042750080881,0.0268361999535583
0.0656980910839372,0.03489484655535643,0.02705560037782974
0.06346955483060018,0.03880677941071762,0.027770028472677878
0.06233168555021859,0.04087062019558307,0.028792679300424007
0.06096518233159087,0.044152629416286455,0.030466323357175074
0.05927535405117029,0.04813624772632215,0.03077497452376778
0.0558837357523318,0.05293550388465592,0.034858363513526114
0.060895775600337626,0.046398164667737246,0.03444284874250188
0.054581410481282004,0.05419906869102884,0.03520093156294218
0.051071535718770454,0.05736122728764688,0.03524007439522889
0.0486834141225724,0.05906400886424191,0.03456375335889993
0.05589276077620995,0.05178782260291409,0.030280946531812132
0.04630861518067066,0.060356522569184876,0.032970097716021884
0.04399914022112496,0.06207096953262243,0.033804961190364316
0.05226126307286452,0.05565336824137012,0.030036444287220517
0.05527511965794667,0.052103882406436465,0.02907321077858302
0.04489075527854595,0.0608981516451572,0.030690555823007365
0.04258049242009034,0.06270147281920746,0.03040644621728785
0.03480550597624921,0.06977845259391983,0.0322519659452778
0.030173090148514266,0.07179830958847541,0.03311272219445377
0.040640900185200904,0.06405927357324279,0.027307356177502316
0.047915857329889074,0.059496162758068336,0.024330274010112618
0.03863605559512914,0.06523325076456248,0.0255431635225122
0.031357803600453746,0.0696800210385006,0.02689345313323451
0.025423349010363548,0.07256403219438967,0.028199105602639715
0.021597168649075432,0.07404235486876222,0.028605191693671216
0.02594830456594181,0.07027862394149953,0.022306624734423932
0.02760217600519716,0.06865825129367836,0.01793179882421807
0.02812197440427365,0.06818112898610124,0.012647656138036159
0.02984152796175323,0.06816447405992795,0.008766566319906003
0.031136117498050325,0.06826587075124002,0.004761100473902469
0.030826688107942778,0.06775839067884143,0.0026834293188213783
0.030386897261817706,0.06735510086469874,4.26453169750823E-4
0.029817031468369663,0.06665659066377255,-0.0019074998024960176
0.028824708604816465,0.06628134683218069,-0.003858009326010794
0.027119981872279538,0.06681496118211118,-0.008220252154295605
0.024729210070657048,0.06918377603558375,-0.012355820601623536
0.024855059014735486,0.0716702455407547,-0.01340063227993177
0.023423016932230863,0.07382037442349733,-0.01506982407883674
0.01764922209260613,0.07438723174951775,-0.014502403668682067
0.01461745871411494,0.07531842985835498,-0.015159123471137997
0.007709590834311398,0.07702853752461937,-0.01550101983695938
0.004762992165273431,0.07796597240699278,-0.015156386517425064
0.0022546085445404986,0.0794844455247343,-0.014792723208944043
-0.0023262357181765008,0.0809166094905043,-0.012414746712869672
-0.006465999845643035,0.08162625807394651,-0.010219581148052348
-0.011280277067239828,0.08188555521862431,-0.006066811009412804
-0.002546059514065433,0.08028153157300512,-0.006879554436402126
0.004643016649433089,0.07872972072338436,-0.00943866893216362
-0.008026326196129821,0.08132281239544817,-0.007588364243238626
-0.013342709904914964,0.0812726376537644,-0.006596624985035909
-0.0019987562803127196,0.07913310900729008,-0.009115976753604389
0.004947217255865168,0.07811682421261877,-0.009290953468729006
0.006760172647766086,0.07705198099672338,-0.007491147459032686
7.788738861178996E-4,0.07864297249743729,-0.005564281825792614
-0.00690149306134998,0.08061729625747988,-0.0030159472239841825
0.010509067288700942,0.07602176485510131,-0.003509383569408983
0.011452039029618988,0.07489877427966893,-0.0014454803586648128
0.005703242073593197,0.07727966942840062,4.3671831552852155E-4
2.465407316551535E-4,0.07944148846605383,0.0017561685470003073
-0.0019691742576010527,0.079942064182638,0.0017617397543861599
0.011829943997722539,0.07546830876024048,-0.0028393305337276655
0.004638719019014949,0.07799668932116546,-0.0027228185397163815
2.6903166417678375E-4,0.07970284411663155,-0.0020122777352047736
0.0021371399797774806,0.07911032318056122,-0.0027666584491033226
0.010537360022287185,0.0766046757987644,-0.005143217818341243
0.021349768391336614,0.07247985406972487,-0.008373956273331453
0.026150078314074395,0.06915789814588715,-0.00855181432275479
0.01592100164711656,0.07404279958788793,-0.006753557265647155
0.01003224519380608,0.07712692014641162,-0.005253308014993972
0.02331163667722681,0.07067346188680117,-0.009957629254186572
0.029054488577840827,0.06749917406129702,-0.01112534019807242
0.03324188477577527,0.06530311808971911,-0.011597623218327134
0.022138884963284516,0.0719217106455309,-0.010554729290842974
0.02702199589874552,0.06887261412706747,-0.01308815345846185
0.03189686970923835,0.06553485725944863,-0.014500592633943113
0.03555042858206375,0.06185824053292262,-0.01527776507878946
0.02634719629592072,0.07016475874575615,-0.017033404753426646
0.023335989916263074,0.07170074388352778,-0.01718632890342847
0.03463696723668379,0.06354769458005308,-0.020603301051171113
0.03869514801337883,0.05985818628657343,-0.02084557638216257
0.03289657017167611,0.06470205853474503,-0.023128862754282074
0.03499689378420466,0.0652988518917319,-0.02403023859804054
0.039338431659803816,0.060791070703591646,-0.02473092228886467
0.042204951148716786,0.0564579179941764,-0.024648135716465187
0.04501080242155994,0.053622029899509524,-0.025268568911266023
0.03685755287374716,0.06298132897560896,-0.027120066309377838
0.046874899615436956,0.04920213207561185,-0.02835558120118073
0.0497159914577091,0.045673067637535786,-0.028065923928388282
0.042419761042451126,0.053992013575279364,-0.029973844317808092
0.04012246270242358,0.05689383524722247,-0.030465628133267465
0.04326983233916327,0.0515371948912976,-0.0313490693973061
0.047224225341259744,0.04555014600457702,-0.03156820773942726
0.049511137741110114,0.04064568086208455,-0.031172918805244955
0.04569964095041736,0.04620714582950987,-0.03281078315574533
0.050074700343278176,0.04340265216819689,-0.03321534540385523
0.04970453110992734,0.03743013593695766,-0.031508879873507666
0.05015270233536788,0.03321281781854649,-0.03077174322348398
0.05442196839276826,0.030906658079268446,-0.03186946567841582
0.05644443326755447,0.03140291183880009,-0.03316305295278375
0.051956775957737865,0.03511057868049375,-0.03304414769362784
0.047976239037264154,0.04088123232466069,-0.034549100298798034
0.0491593050642101,0.036016411675304956,-0.0351686766262094
0.0528904361660832,0.0301491923585754,-0.034430843182923915
0.053916495428418976,0.026209097710779727,-0.03339505529122655
0.05227924149344713,0.028878628440598776,-0.03411129912887622
0.05420149995231662,0.021413165837690026,-0.031202383430222226
0.05458076583671924,0.018404451984871863,-0.030047481555261248
0.057122456093192844,0.017879319314491497,-0.031029340159463605
0.059305509091271066,0.017167776968659985,-0.03224917092545969
0.061998189429769354,0.01603388334445261,-0.03335991745084088
0.06310533065266112,0.013420026559854002,-0.029493137004244302
0.06276689225723098,0.012656619450184028,-0.02729253048843916
0.06827896140438973,0.011677069771821985,-0.03025185070507026
0.06951732360938265,0.010451343626547451,-0.027123903380380218
0.06886981395971314,0.00901915549521847,-0.023135223346827105
0.06786030057448728,0.008393574871707547,-0.020199319464112693
0.07066257048864871,0.00853130971354194,-0.02377399601472964
0.07546868221245098,0.0095645473279014,-0.028842892357189502
0.07723472180562031,0.009659127593750053,-0.03141041231400976
0.07652489651488752,0.008320757390202186,-0.028325787011822895
0.07776247082097042,0.007183905455540358,-0.026316812767194792
0.07792513613229778,0.0074519827757921885,-0.028788992887424175
0.07735519871167601,0.006519744886957845,-0.02451042959407477
0.07646451480751237,0.0053849731147992946,-0.0219010282819007
0.07445487119680697,0.005515382469473385,-0.01796601545369231
0.07322968839176304,0.004515917946995047,-0.01336166992337727
0.07045750189052884,0.0028027398743662646,-0.007043442094797638
0.07002172216612736,8.457212826545393E-4,-0.004517541411180943
0.06992781894149054,-0.0011027976868774048,3.859732476915005E-4
0.07106067431971758,-0.0022296005551564165,0.0029230885363727734
0.07235383131254207,-0.004164788883759173,0.005431632162612696
0.07289948712130107,-0.005369190716156933,0.007569779950882823
0.07353446201558425,-0.0022681415035040453,0.010192812673579014
0.07411020123727056,0.0030236719313983503,0.011399143854805205
0.07418906275544378,0.006435837230405177,0.012599522475576618
0.07445336702616064,0.008634939442788495,0.013462130562700566
0.07451589754874484,0.011941621427171667,0.014055379404166865
0.0752662638197556,0.007216728480572601,0.01544905695026847
0.07493169329170189,0.001732820369077433,0.01613082992306457
0.07522579446665124,-0.001282130257276917,0.016284378676035317
0.07728722452389547,0.00947630777739315,0.020256345087430884
0.07552777463070065,0.017686067092111703,0.022402082272579293
0.07452614023457481,0.0188579151873011,0.0249266615599653
0.07481701818671063,0.015964733715489402,0.027216834258284542
0.07504615351517219,0.012366548881380031,0.028807608566863874
0.07532893759668717,0.006965991611401891,0.030594789122075923
0.07582115953391375,-0.0011452166240400676,0.03255081021751721
0.07558299918157396,-0.005818476426567935,0.034637415706020185
0.0757276144451451,0.004816621955262103,0.03764470166421212
0.07529935557397548,0.008856353284493827,0.0392438155209741
0.07649774981607942,-0.001905162584488028,0.039648324411041436
0.07596799523986758,-0.010086830094493411,0.0399640408102119
0.07542291244849758,-0.015062355217570817,0.040480794620239235
0.07666392485891496,0.0032272226094489393,0.04306753602721777
0.07544067598755924,0.011303452626992987,0.04429967680750527
0.07711195283000824,-0.005499953145632049,0.04330348999951902
0.07551867797964892,-0.017724633559415535,0.04494320461861318
0.07420353144451813,-0.022468837532644698,0.04509459237085989
0.07463608794610604,-0.020390049786390325,0.04470531563259171
0.07649295079544584,-0.012367856339512713,0.044447492709608245
0.07757552389778039,-0.007304198289795791,0.04515276048403071
0.07546868221245097,-0.01731468895185538,0.045663930531838634
0.07456460402681724,-0.020967855380839003,0.04665237257688146
0.07534218862380977,-0.017892979442442,0.0473160744361429
0.07756556772064496,-0.007886947601412913,0.04688489907962479
0.07788151518355335,-0.00200379047692431,0.04600249358935368
0.07696232366428257,0.0036402382258825085,0.04565604452701782
0.0754911731449727,0.008513491621161367,0.04582071843186411
0.07603439362982814,0.005994517312409043,0.04663905817590636
0.07760123805311572,-0.001779124120493514,0.047173377767418145
0.07763740977580194,-0.004779890123526457,0.04757846417982857
0.07748097602858091,-0.0019634325793470506,0.04821336211222811
0.07593798345411407,0.006531336423726245,0.04980963072983782
0.0746414599841287,0.010807009355882705,0.0510616881841912
0.07429220588547958,0.01334963770241201,0.05346232615481534
0.0741832609543792,0.010169830221785893,0.055318923954055056
0.0749034721852893,0.005439185397788553,0.05600616141815186
0.07396687526282483,0.007432377396511965,0.06085693165194519
0.0712586518276475,0.017791039413862064,0.06337955866271486
0.06939827924679953,0.02239970451764379,0.0653465919165298
0.06980268626914844,0.016295760205827653,0.06741741754862017
0.07062704341052523,0.012353887605526312,0.06737185762703748
0.07183439104933372,0.005592068432290838,0.067361220544316
0.07218357352080923,0.0014682449775688692,0.0669976937696498
0.07137382832285417,0.002530959097333957,0.0694866597023296
0.06862807224869158,0.011396976953012157,0.07273081613567163
0.06603982432935454,0.01964880524155701,0.07533625325915373
0.06207590491316444,0.026472998975592712,0.07911616367374011
0.0635406089868471,0.015114710803718292,0.08109957784662365
0.06565017250477471,0.004511558627636707,0.0814355922729289
0.06555648416165877,-0.007493606601092707,0.08177798141596698
0.061854218810761016,0.006233742875186511,0.08631153494798109
0.058938921216601936,0.01768896580587783,0.08744683558906904
0.05474171209587935,0.029193235767904814,0.08770219462596918
0.05901849900651157,0.023464700031191152,0.08477764815955094
0.06349799081853363,0.011630442030155693,0.08284257951194303
0.06604820470866997,-0.0011151196871859578,0.08116714953012011
0.06590545175161347,-0.01232737713528081,0.08050013790286518
0.06507386026569938,-0.014781665100962321,0.08157481282211575
0.061627662060550314,8.561262385448458E-4,0.08809195943339146
0.06012571185657692,0.0049412539383115826,0.08938264811056454
0.06066671189904968,-0.017020597604087306,0.08799542217955113
0.05909084245188391,-0.030975546979183772,0.08688816275918726
0.056605307899540894,-0.0360855922458058,0.08522396464532503
0.062249600809231705,-0.018908239411930424,0.08658429812288378
0.06368687167541177,-0.011866333213414341,0.08650807772842863
0.06366344958963284,-0.008477013791954669,0.08498100036784274
0.06414170422800045,-0.006198116643065657,0.08478632041082253
0.0644436127648762,-0.01976342699757592,0.08109021351015282
0.06408397272604983,-0.02326146237457866,0.08004407415819714
0.06495402800420634,-0.017584099653866297,0.08109314820249412
0.06670796260503126,-0.01709569898833055,0.07781516433951773
0.06462325371635529,-0.03206463871594834,0.07314238868896256
0.0639138581886643,-0.029292561927865786,0.07683052483968503
0.06478441485703633,-0.02330466277272674,0.07889624379323072
0.06478147814291724,-0.020891751430525303,0.07991007328105688
0.061965885574459534,-0.031385811739371175,0.07892664218395296
0.059785053018764064,-0.036798217082332114,0.0784268044427741
0.05811012319045977,-0.04013118815085479,0.07793090734997433
0.059451485271141205,-0.0403179669125602,0.07534133953609387
0.053619457539350435,-0.05039641866679864,0.0722750285973416
0.05103536399608432,-0.053993075110799274,0.07133880053566062
0.04962001104503689,-0.055936784115676076,0.07079220074758708
0.044429547907503725,-0.061338420162375284,0.06780197994689197
0.04478216848331378,-0.06218351285947564,0.06499102333697727
0.03796956474444609,-0.0688317076427499,0.060169204549340057
0.02916909205565836,-0.0747611535143806,0.05815839572966009
0.015068351772153574,-0.08134523789253756,0.05683213920905239
0.007611533233603649,-0.08392817460050808,0.05517554775496462
0.012274892000349421,-0.08334060109557988,0.05491508203951979
0.02493005266553234,-0.0775966198751925,0.05580028725767158
0.03102702931260269,-0.073955818008836,0.05699671424458453
0.03404847837809028,-0.07127044422704723,0.05887011041110821
0.03093305446079231,-0.07210442642116424,0.06148709484274382
0.023575582812075502,-0.07628962616236887,0.0602215064165367
0.015050444978744564,-0.07992550536565127,0.05856246833926173
0.00955585286195302,-0.08178558237310773,0.057962825948812344
0.017138735226102285,-0.08004424933348284,0.05613864002172472
0.025744955019989194,-0.07642959968728788,0.056053265584260645
0.006899702382009054,-0.08247067028878008,0.05754387586145922
-0.016170192584196313,-0.08551718689270747,0.059105504123962496
-0.031990343170833324,-0.08488420587532311,0.06093639747087184
-0.03625724553150386,-0.08419213618816768,0.0608156340963512
-0.029966803888442608,-0.0848762369714436,0.06086411144737903
-0.015100512373116196,-0.08535193989808713,0.06043158016883798
0.004440025239348646,-0.08292688941482637,0.060851722965377934
0.014292056464286579,-0.08016043135413788,0.06165433778040437
-0.006217095417257945,-0.08405890290279133,0.059687968363413134
-0.02573062958526205,-0.08477523724591848,0.06007377839826856
-0.046506521061427,-0.08142079014464629,0.0614004351041955
-0.058934910094878376,-0.07703918739594315,0.06299940458037172
-0.03675784784804584,-0.08356999877124913,0.06070453794366062
-0.022599734198458614,-0.08532809263475775,0.05898206186183406
-0.019647190474008817,-0.08547213484035869,0.05792294081199224
-0.02440810545124685,-0.08527271407409656,0.056369261328477506
-0.03990392819566011,-0.08337718386477747,0.05579790968606889
-0.06158547365527874,-0.0767695816855826,0.05800022208988202
-0.072522871442323,-0.07094835573143585,0.06013251147894892
-0.050811170942603616,-0.08024075886593067,0.05986176178547611
-0.035721832408574655,-0.0842367912747295,0.05878306461142836
-0.02548022098623053,-0.08540506612478699,0.058298782309012476
-0.05449073047945883,-0.07899925283096934,0.057290866147786286
-0.07250181305327405,-0.07003303226807475,0.06165295204065178
-0.08575556200853308,-0.060983162367639177,0.06583959668955144
-0.07457140860831275,-0.06738487478475945,0.06681570674934414
-0.06405840182506181,-0.07388687041149963,0.06476369767403019
-0.058649404180765245,-0.07614347716920974,0.06375847609395371
-0.08259393856423985,-0.062329087169159046,0.0656589765767481
-0.09341966958758559,-0.05510344473576921,0.06858192700995186
-0.08901223471224132,-0.057297561122795486,0.06928929614963901
-0.07265172872769422,-0.06856508874961531,0.06757854628234401
-0.05348916771050657,-0.07905736119378239,0.06595420819563477
-0.032270763555618344,-0.08513137690257946,0.06495638141251664
-0.015884328534215005,-0.08478277761523453,0.0637303203103736
-0.054960461484163725,-0.07869396543517336,0.06561769942275864
-0.07518776043745057,-0.06953770559012126,0.06896871161376124
-0.06940272013156501,-0.07199070421340871,0.0700298932256587
-0.04818968801469947,-0.0796569338890571,0.06995121051447441
-0.028766690594171387,-0.08322960311901564,0.07070831405789817
-0.006559473307238049,-0.08302608953124248,0.07124504731615908
0.007684163187670572,-0.07955814190507898,0.07193942377248073
0.0023878350875034477,-0.07931406605225505,0.07241831377388881
-0.012889596404493636,-0.08151059577804971,0.07405090195559168
-0.02990592079085202,-0.08162115224587234,0.07620786316192983
-0.04493258554794943,-0.07922770613439954,0.07748095467053459
-0.018775559398032302,-0.07996375652513008,0.08196182655163732
0.0028959582572772747,-0.07662562437305748,0.08320367849567234
0.015675033932850562,-0.07208976252212519,0.08396603152887232
0.01929815125688051,-0.0686441473953292,0.08450525064417527
0.01634338709004809,-0.06910473058661672,0.08515888038822476
0.005469737487539866,-0.07210294887112903,0.08658170554975661
-0.00854662598542174,-0.0745539020121544,0.08848811151237998
-0.017366509638264815,-0.0759572044071963,0.08850797953646586
0.0044734035022630046,-0.070920081917281,0.09022425196116672
0.02038423409072329,-0.06544475455760801,0.0889767503420362
0.022591497073490438,-0.06425338487011556,0.08795272476001686
0.0015199286245559818,-0.07250647030503898,0.08843809462488862
-0.01500918772673028,-0.07575755884660525,0.08908519271678607
-0.026131885011970862,-0.07767055834052697,0.08780611569128842
-0.031636146797203356,-0.07782224247194179,0.08781581743891077
-0.02524728941756627,-0.07914848404911257,0.08418489680336386
-0.022989672531733056,-0.07987582733872518,0.08173048491130987
-0.025497912898118646,-0.08057606966999471,0.08047017108454609
-0.03454922394897963,-0.08056700773600832,0.08053088469021827
-0.0540852490495054,-0.0761635920643168,0.08223489575060769
-0.0676434851198911,-0.07013943526105897,0.08282121432395684
-0.07683461241368959,-0.06491729028061073,0.0830011611838113
-0.07282334743572608,-0.06609990767206184,0.08296696495594154
-0.0637738986913796,-0.0709129162051798,0.0830162222760034
-0.05038047674753034,-0.07622858061738527,0.08245948132113343
-0.03617272546661333,-0.0795784035516073,0.08195106235122616
-0.033398246895822666,-0.07971304321900928,0.08102686495879025
-0.03990392819566008,-0.07933039959605306,0.07990005766259588
-0.05325122223968775,-0.07643275187526347,0.0791297464342822
-0.0722968160823278,-0.0685630643461774,0.07931243024784962
-0.08313164375672533,-0.061775317747109294,0.07847397609111316
-0.0932175377035848,-0.05502485803674498,0.07729243599807688
-0.09658072001448975,-0.051861406383759204,0.07811801360365817
-0.0830882376895019,-0.06107047601685759,0.07907507013419124
-0.06875993787535549,-0.07001650680266186,0.08007924024695827
-0.058426858552278194,-0.07458447340465374,0.08039728556775147
-0.056069751522264545,-0.07509477492352883,0.08006018200963609
-0.06410717993030791,-0.0721415238477491,0.07880796291180082
-0.07840245961740812,-0.06449329480224247,0.07830839196083482
-0.09269695140559833,-0.05424338713465035,0.0777026714615952
-0.10516810186171036,-0.04305567921240423,0.07899325185332894
-0.08401709887721363,-0.059099160103405476,0.0817882104665982
-0.07398900805947839,-0.06565590881671728,0.08206468987223037
-0.08979726853529195,-0.055364483947693416,0.07879123987351813
-0.10436172314091624,-0.0417779087286156,0.08026488700124246
-0.1075226303134731,-0.03672094758050475,0.08115134613339459
-0.10966449768671058,-0.03321863606861179,0.08134165700834092
-0.10738560753030743,-0.03501126164809536,0.08254712504476087
-0.09758077861279565,-0.0441387336241143,0.08500569886413525
-0.0843120595782467,-0.05622906295434654,0.08712820489916177
-0.06422271456138282,-0.06882105731729615,0.0899120681782851
-0.04866937519653981,-0.0732014407113265,0.0925112749656202
-0.03613540770914897,-0.07475330420854796,0.09404143139913314
-0.025606069930309016,-0.07442124343498362,0.09472171191609152
-0.027747937303546428,-0.07360948475578882,0.0961371454193734
-0.04514245316670294,-0.07119961222644537,0.09836050600162569
-0.058975379447982694,-0.0653391808531375,0.10133800404787657
-0.03299369661912653,-0.06918868712733667,0.10402565336012344
-0.01104261810511557,-0.06709570484558768,0.10216565947840965
0.00604690925269879,-0.06207523356787196,0.10080077016562805
0.01975133638447555,-0.05629895499811149,0.09965915601262089
0.02961353866806983,-0.04954924771364157,0.09841882634215326
0.031063272662462497,-0.047100483117055725,0.09956853208538056
0.041271649076239564,-0.038261777387902596,0.09856537106735977
0.04728181358886305,-0.03334010614935134,0.097334487339781
0.05071769748100856,-0.029213626594172544,0.09505921409017197
0.05586668848500643,-0.024860263656081707,0.09317609891312982
0.057962786094290446,-0.022072221180707417,0.09115293456788683
0.06084979095486331,-0.0166195706385882,0.08887613747535619
0.0637601462740414,-0.005375223295328573,0.08526303842602723
0.06487924923493033,5.600060472068253E-4,0.08321348695937984
0.06536172987654251,0.006028759743104762,0.08169035024717307
0.0659343175025887,0.008985517187759794,0.07964591173648712
0.06723700090950677,0.006213184011841942,0.07859368329026181
0.067186575379267,-1.7787120492652065E-4,0.0799360209832872
0.06699848242129887,-0.006370433339520063,0.08048991199094233
0.06629789703596511,-0.010837090578041816,0.08113655967818631
0.06440486246393919,-0.011820497768903765,0.08433957863006208
0.06410030372163883,-0.009698832888593245,0.08490152356343672
0.06371652532529712,-6.143901936553255E-5,0.08587278745748078
0.06227209174175344,0.0069199411610863255,0.08674108602290927
0.0608785134514913,0.009602591966161634,0.08842076581588737
0.05951501857415632,0.0012906736220634808,0.09194395970219651
0.05885561881366326,-0.012494893201474044,0.09188617294209463
0.056329973044084096,-0.02761256557549057,0.09034763615719002
0.050073554308500065,-0.04106233983502064,0.08858672816052626
0.04701263867033904,-0.046244393820409166,0.08713169828159582
0.05570345015628992,-0.021638966853556527,0.0942185000633973
0.05683680692473252,-0.0076550017036334005,0.09622205218928792
0.05619524233047478,-0.002912691492793537,0.0970459992358625
0.05576633881474238,0.00303521885102252,0.09925244531862051
0.053784916310449654,-0.018018375215875605,0.09721525565495291
0.05155222568104175,-0.031862802803390655,0.09419583231143076
0.048061117238022824,-0.040737734587156176,0.091911593341316
0.056501161989074136,-0.022069750877855534,0.09478248672657727
0.058956040111100935,-0.010547420837377582,0.09684875966215319
0.05959595728036502,-5.454787311247433E-4,0.09884917464901159
0.05884494636479155,0.006087593230058659,0.09806282932890605
0.05803942717008098,0.0036115908111518,0.09709817869343207
0.057804633294902194,-0.006092706427627962,0.09664930572967725
0.05789910953692806,-0.01301466724626938,0.09562581529743779
0.057693539548592715,-0.01771507011532892,0.09516326384253508
0.05782762561763932,-0.0014827940896408112,0.09724778679802366
0.05788521386524266,0.009723226584917836,0.09691344530328835
0.057681076420380055,0.021864022327419394,0.09876260907171489
0.0572079789385142,0.031233985404579126,0.10259927047263567
0.05556076882640712,0.029282746569798363,0.10026488278927728
0.0550189808850243,0.023076094567672758,0.09783302408633371
0.0550855225293322,0.014062454435823313,0.09773370750621725
0.05543821473231586,0.004036345516122905,0.09778613021368679
0.054885181324672266,-0.011046376519528379,0.09862616000203323
0.050888313408609595,-0.029600563692139568,0.0971642485049656
0.047150377725241006,-0.039476204121124216,0.09380872128194923
0.04534959895285821,-0.042605091862119644,0.09313251323912217
0.0434142327212134,-0.04209107280618727,0.09573061677045944
0.043976792542950525,-0.03456968669566113,0.09958058786429272
0.0453425078626683,-0.02026765528140735,0.1043885727947169
0.04465130563708082,-0.009895595746871391,0.10734874517067487
0.042447122622780054,0.007157679864164483,0.11088532094018941
0.0400163828582686,0.01748587141827416,0.11162691612547598
0.03915320378878112,0.019713437633089605,0.11025838748032034
0.03912956682148118,0.017011704309686803,0.11026723863796999
0.039717912425727364,0.0060725347752688605,0.11017548163700217
0.04081774767690818,-0.01259471818947063,0.11040792339461908
0.037828530839556854,-0.035327271337702484,0.1061200789405711
0.03138910467533271,-0.051634897707521714,0.09809106201084163
0.030169652044179703,-0.053898384052978206,0.0964911980027753
0.030288195016547358,-0.049970144303603706,0.09941264970272456
0.030917439736939598,-0.04022396760257631,0.10578964670713104
0.03166809251664497,-0.025162551937172137,0.11366113186294746
0.031287035952901374,-0.007881423150948412,0.11817969178499982
0.02943769395679334,0.008931385159875564,0.11931080225039192
0.027670365074498656,0.018034268588591983,0.12064274140253316
0.025789793630685304,0.020529378293894358,0.12139631860708477
0.025356091094319244,0.017357680295099428,0.1226014052904358
0.02547363128625598,0.0018265953388623749,0.1216894928026242
0.02584043404244591,-0.01542722874878369,0.11981839417063937
0.02376811665480908,-0.03118939952112801,0.11595841059705349
0.021160028008374875,-0.04001704117196921,0.11239041164852859
0.019178748758429336,-0.044451098851120245,0.11052931921887957
0.01957105078843372,-0.023246930420525745,0.12039032019668269
0.02012838182649545,-0.010117347807482907,0.12443549541183667
0.018480670324172863,0.005116043347654094,0.12868506488646678
0.016832600685982035,0.015129629786655129,0.1315191349449388
0.01542047095774819,0.022483277545614713,0.12973594839614846
0.01698760188973034,0.007581652381991871,0.1282474363455062
0.018129625546182755,-0.01171177880081545,0.12613336558926813
0.016389586617043338,-0.030904435052426554,0.12109806912008457
0.011329198426833213,-0.04946799688370401,0.11393450551663131
0.00732094179016241,-0.05584566881194256,0.10879260124774974
0.0067199898033563354,-0.05289487381035879,0.11083261731831928
0.007445214936420863,-0.04375794295929631,0.11678581336156146
0.007832717945791667,-0.028982830038614616,0.124420332311622
0.007872829163027829,-0.010899162425254757,0.13099523586526993
0.0065390595627517825,0.010322707536948512,0.13487122528227216
0.0012150833735611356,0.028257030680696828,0.132376163977906
-3.4280765302193913E-4,0.03061124289096671,0.13052666122897372
5.160737860473857E-4,0.019574604767966974,0.13191047538397108
0.002383179321217125,0.00759879963225048,0.13402329536491722
0.0024819531936611967,-0.012042893947662942,0.13240956768190815
-4.1285902883796133E-4,-0.031168924271651625,0.1288102585478748
-0.0044902358880675244,-0.04646706493214235,0.12227176558086326
-0.006904716284163594,-0.052419198763247944,0.11683187704584017
-0.007966804014838309,-0.049040138973844044,0.11956755330446141
-0.007470785837408955,-0.037886218396864846,0.12596708623508218
-0.006323819905975633,-0.0166358912576678,0.13385619680784241
-0.007011297518534024,0.007382081728113955,0.1399467097736351
-0.010662134558761163,0.025426624449446034,0.13602040529184473
-0.013469919765292541,0.03533013500027962,0.13266230746665986
-0.016936316833406965,0.043468883268040236,0.13004031051773118
-0.016348615873723583,0.03443789274820663,0.13055588574275942
-0.014769165067876022,0.021199861684647315,0.13526755940634713
-0.014121368909512017,0.006089322174747779,0.13873194331362043
-0.016602390949915977,-0.020449634692059234,0.13649178750279256
-0.01984996700257241,-0.03785932429022103,0.13275200704428036
-0.023401242271445525,-0.048964475277794156,0.12743091077491125
-0.020788999248940405,-0.015651900098395854,0.13685792097477367
-0.019780631898492718,0.0040664895296171665,0.14111330647604373
-0.020907255712613454,0.024425526266387387,0.13976410599713152
-0.0226800282601046,0.03169808603247352,0.1382517727191907
-0.024902332949335283,0.03465653349928324,0.13377863618490624
-0.024220442256320494,0.025831565891528525,0.13529355261984904
-0.022826863966058365,0.009696150922962297,0.13973948596854865
-0.023446080882141646,-0.009991378101461734,0.14029425738390616
-0.027165178618843922,-0.03570401946803363,0.1350284824192014
-0.032006244403380575,-0.05259557239595412,0.12588848669967012
-0.03415319730594617,-0.05781345858163275,0.12497511000439628
-0.03420541351552682,-0.04858901345258194,0.1261903817964611
-0.03421551294700951,-0.033495901143826244,0.13379681715323444
-0.03395049240455629,-0.016819169246188335,0.14084070651397712
-0.034523438166470646,0.0032616463481578975,0.14416975716240013
-0.03600740994986144,0.019617915380308264,0.14136792006970209
-0.038909528144071434,0.0019336553005231585,0.14173487431392626
-0.04141912942675614,-0.019407696199511187,0.13857597932454635
-0.044193321488852244,-0.03716763360149306,0.1320019028205583
-0.047911559699470904,-0.04927827531940777,0.1254929042962537
-0.0521237388994834,-0.05626235059704041,0.11886416090829982
-0.05484772031286069,-0.05353656627007367,0.11885915466842352
-0.05372818758892992,-0.040795955095338836,0.1265639241895883
-0.052725263903678585,-0.03097954762805065,0.13165040514578297
-0.04937554750141715,-0.020747422621709716,0.1388415815362655
-0.04874709067993485,-0.01495039196305233,0.1407493230193073
-0.0529873477320127,-0.019116878272183765,0.1354436079903857
-0.06117626761229624,-0.02932254884836549,0.12905331227854608
-0.06841684371363901,-0.036368443200430124,0.12258265307718128
-0.07527543209798106,-0.04012678390860139,0.11623878670914739
-0.08385830143326259,-0.04333522442692319,0.10706217167887205
-0.0921353227371184,-0.04306256193634512,0.09700898444786173
-0.09731375250948066,-0.03967700216013135,0.09186584823593852
-0.10353929993322764,-0.035957224032181205,0.08539160619895064
-0.10797710473019358,-0.03178825376932117,0.08183835761048759
-0.11237171834145701,-0.02762438885567551,0.07797188632666707
-0.11769612429368938,-0.020529085789238483,0.07274815436079805
-0.12368422763683307,-0.009118511119670627,0.06560662762892566
-0.12731923507168663,0.001992405396177523,0.059145648204224466
-0.1276974981756584,0.008312744950547289,0.05879891351942547
-0.12881459557568553,0.003615279337847877,0.05453911185545574
-0.1300644181284602,0.0033266468682251736,0.05009336839861353
-0.1302346042930193,0.0010954578721417366,0.04646668501938825
-0.1307776815235275,-0.0026423035210996846,0.04067408569879845
-0.1296455424170368,-0.0061370573235560175,0.0367048342701571
-0.1290945861974287,-0.005987354884881482,0.03416042148447747
-0.1291376341287839,-0.008200964984678132,0.032849667044590164
-0.12949104260350394,-0.008614465497249629,0.02996624550480463
-0.12963007094753146,-0.007528276914383175,0.027854169397746098
-0.1305153111864988,-0.00279908677879957,0.026282192813692866
-0.1310000838976673,0.009727676269393184,0.025436496087354807
-0.12922953179255892,0.020688742943176765,0.02834341242876669
-0.1291266751712176,0.021255852943058748,0.0254749970537765
-0.1305045671104534,0.017876125571376654,0.02166857396945024
-0.13222884806139298,0.006316347010148905,0.019160910750912696
-0.13164766517451043,-0.009437787982059243,0.01806115755165484
-0.13135463840716552,-0.009273900920063305,0.01576828242541492
-0.13337896558846632,0.005607235970445313,0.013171387296806414
-0.13248169198432802,0.01908436757615374,0.013490485654263225
-0.13381381415961047,0.016142859302885268,0.013642075853200836
-0.1348401599306408,0.005682133011944919,0.014054167862729706
-0.13344257051865507,-0.007973372489078501,0.016257327717807163
-0.13361039298648422,-0.006433163864017335,0.019337846020070423
-0.1355541395974445,0.009463674455261669,0.018555298537112394
-0.1347285647941159,0.021653053387055282,0.019907137100423387
-0.13398779656437235,0.024255768677673227,0.023223330029941532
-0.13382470149000317,-0.004999808423107245,0.031480727228635916
-0.13265001584237268,-0.007934573972607314,0.03360611302860695
-0.13521770676287617,0.008993699842966487,0.033039977919536515
-0.13464841398681723,0.02529126291774696,0.033619066478117604
-0.13475492359401398,0.02208294250106172,0.042596000019558995
-0.13451289537429786,0.005892384305575285,0.046341296758060244
-0.1310366853833953,-0.011554577952634395,0.04918021769034349
-0.1296323630170878,-0.012395886236420774,0.05146277745147154
-0.1284200014761248,-0.012018702820277291,0.05459293913492818
-0.13035680025124236,-0.006817077706449656,0.055454279183864016
-0.13530380262558667,0.011303816744795761,0.053295494387953384
-0.1344432737615237,0.02588998281091777,0.05422997261970895
-0.132657035305389,0.029445585895530275,0.05745131378179031
-0.13256993666224762,0.02776530587829612,0.059980952667095175
-0.1321666040475033,0.016768540756735728,0.06328072230498152
-0.12859333923632393,-0.008504525292771872,0.06479198371400836
-0.1230168772600664,-0.021554783636790975,0.06631639474182
-0.12057045114452865,-0.023140739776011783,0.0689144213748018
-0.12984509572278674,-0.004411706131055215,0.06796876463312809
-0.1328752833034579,0.020561101058711114,0.06889982010338831
-0.12897317813811562,0.03701753377662409,0.07038285667725053
-0.12704719506621712,0.018978627122806638,0.07707228385314692
-0.1256538316574759,-0.0019047551782083857,0.07725361802210817
-0.11804996253145127,-0.022358098452871372,0.07841203211175352
-0.1127398820139461,-0.0337022267694924,0.07916952642437135
-0.12426469425197921,-0.00713974218947426,0.08056348331551935
-0.1271979702667209,0.012225676658005214,0.08179085639776792
-0.1255206767416866,0.03009225667846522,0.08409346465871406
-0.12044238175806744,0.045888618562571905,0.08495129406231973
-0.11248675158231643,0.051355239448365855,0.08691700121184143
-0.11094440365241234,0.04880666971285963,0.0892783472615305
-0.1133538701463539,0.03923132714034022,0.09187974800602766
-0.11625563020469573,0.024076318943992876,0.09488732429474536
-0.11740503146003267,0.004206354169010309,0.09482921581703385
-0.11535993239837751,-0.010707516033382287,0.09426881826689373
-0.11469881358571717,-0.01815666491683936,0.09314049968261134
-0.12213743882216352,-0.00237302553969291,0.09623138670802905
-0.12595781738238712,0.014227084011540424,0.097221876760294
-0.12445830250231735,0.024975082839479083,0.09763657703649195
-0.12324200146680438,0.028941533447670906,0.09933595379394886
-0.12229688091067728,0.03222307882633067,0.10139221424977217
-0.12015358099396711,0.03345228717492154,0.10383870404185892
-0.12076549193833949,0.023089581244957524,0.1059026543332289
-0.12001362149668238,0.0031485985975786487,0.10732106960947786
-0.11757013209526367,-0.012172145203500672,0.10790772873268692
-0.11119846523729922,-0.023167849490969623,0.10826318431873751
-0.10759812535448549,-0.016893626537013765,0.11124339891709682
-0.10638648008525878,-0.008117800716384049,0.11334263613750083
-0.10522031807129104,0.0038584156137753322,0.1149364706867569
-0.10537367185004574,0.018190945370802215,0.1159587589936844
-0.10082541795133304,0.028895603222641123,0.11580485399731182
-0.09620904661049254,0.033099425354103394,0.11656445595261111
-0.0941762674227027,0.036707680308689906,0.11617935212714264
-0.08822068281638987,0.0403582079773373,0.11770731146478511
-0.08049017684737672,0.04652181749938709,0.1182897160687764
-0.07411965602419048,0.0546145402085494,0.11546052827119938
-0.0712774897743138,0.050597190914821205,0.11697148679486691
-0.06374367202410519,0.04640724065727065,0.12238867305213123
-0.06440479083676552,0.049818369287745,0.12016670919511091
-0.06591354562223434,0.05296086882557297,0.11728949602051365
-0.06276302438985462,0.05262983729259367,0.11843170182005167
-0.05793692868460793,0.05372359781355269,0.11946247248639338
-0.04391676897144364,0.05660142793024109,0.12019950398968614
-0.03437302110183506,0.057262763338373386,0.11933376033288418
-0.027717495754751117,0.05786900134174781,0.119922367024647
-0.02672008736186978,0.05619784953224765,0.117501121864112
-0.02672510126402433,0.058477972861247784,0.11526036028256555
-0.031594173273452646,0.06078981760166746,0.11423200642168134
-0.044555683360276765,0.06336387568903078,0.112881643051312
-0.05581526017433586,0.06425104789936947,0.11070796979217049
-0.06509892977647205,0.06394204356902522,0.10796425059330911
-0.07468192933723312,0.06283706044917296,0.10436214957816604
-0.06785793687775729,0.06403293106588458,0.10461318818297233
-0.05420329063165752,0.06823854848997311,0.10633173930996172
-0.03774988420290453,0.07041252772277991,0.10773503228920502
-0.0352215166007272,0.07029766292405162,0.10767050829155175
-0.0403274596733698,0.06950099549817113,0.10506385021050738
-0.044553677799414965,0.06998274508426312,0.10412204466402379
-0.057411901501856016,0.0691627016650443,0.10418214465220643
-0.07561637744448842,0.06384930072872132,0.10127958954609743
-0.08298681361163332,0.061256153322321996,0.09899655270129468
-0.07297949467425256,0.06549434925168691,0.0975298342723333
-0.06289739696759582,0.07042669131673686,0.09574285145574961
-0.052716525388494986,0.07455559163863149,0.09414221532542023
-0.035445996162902414,0.07715374903594682,0.09162857286740661
-0.021903088307674845,0.07702628745231511,0.09001816907657877
-0.019984984224876292,0.07602382190868463,0.08854306244945478
-0.02693002660779689,0.07742306987643038,0.08698791248106102
-0.03932976477179386,0.07818826236655345,0.08746850993983127
-0.05380010127126047,0.0769425192181557,0.08772828984749365
-0.0637009106014445,0.07456955829306236,0.08601860243298744
-0.04362345569540417,0.07922464840545507,0.08165558277437698
-0.034274103975043754,0.07978990303716266,0.0803176329956758
-0.03824181963143658,0.07945864670985445,0.07932894613137884
-0.051319795502592906,0.07823725306104456,0.0783117221304328
-0.06609705444108975,0.07399869175939908,0.07822677298795508
-0.0701922664665547,0.07246807207265088,0.0768569402094649
-0.04141855640936705,0.08202572613719933,0.07147411025419803
-0.032156446586495246,0.08110887056975576,0.07168074398210783
-0.036706849300417004,0.08079990834760012,0.07029208366136186
-0.052888287350874134,0.07922196013371265,0.06965088006381406
-0.07115393289979169,0.07375220196529769,0.07082898797922982
-0.08148930429242536,0.06940577497652763,0.07001740273563507
-0.08533360632864337,0.06755586284533761,0.06788921877713758
-0.08029126818618955,0.07091523880788343,0.06623108150916948
-0.06672107037780664,0.07747818838474227,0.06307871346387911
-0.053491388152889306,0.08045439000603163,0.060097483493356814
-0.04934997660042913,0.08114818810955668,0.0581031528927054
-0.05412464399500522,0.08033798258853868,0.0556381745388686
-0.06532290794843185,0.07781971116954464,0.05356038882093141
-0.07594944380189586,0.07407532346492748,0.05158142533653978
-0.08306725092762655,0.07145697257654812,0.04792888370827321
-0.08248692756682766,0.07170130110323365,0.04497193792453642
-0.07370049380407256,0.07567306391233913,0.04139371463344285
-0.06376043278273603,0.07848529054128159,0.03719531395228195
-0.06420924865273925,0.07788221458859619,0.034940349715287075
-0.06934319795027348,0.0761032255740132,0.034069854053988116
-0.07646143483904601,0.0734124479469861,0.03316408401848869
-0.08255024598832186,0.07116966415429053,0.03165866060706054
-0.07501019667400693,0.07275041958599855,0.023637509280547357
-0.06666341050302967,0.07544764455223478,0.020753737774776744
-0.0605964456417128,0.07686397909218198,0.019619747544440125
-0.06953250857019347,0.07395636714862566,0.018849960480426968
-0.0778119651979529,0.07022828633802183,0.01907802060113646
-0.08369449008715704,0.06697781584259774,0.01784095047932812
-0.08572576510430051,0.06564425560370502,0.015475461334568997
-0.0824134380866771,0.06677953332609576,0.013838502501438088
-0.07332488090552537,0.07135307903151884,0.011728808674044824
-0.06584478353554377,0.0741084971794544,0.010735926925989459
-0.07897382958150251,0.06840422732846041,0.01166837284406483
-0.08633660164106835,0.06555547614888163,0.013860222363471925
-0.08853512610865187,0.06496330324497125,0.014779907862602418
-0.06559809954954135,0.07598483586127092,0.01923172001210973
-0.05677198433259193,0.0791295877083304,0.023175097498167846
-0.05917292719287081,0.07886262075830602,0.02565787860597227
-0.06601668875227018,0.07697308890204732,0.026022017428773823
-0.08253957353945007,0.07142542955951595,0.027282078589512485
-0.08979418856682557,0.06915480723847779,0.02772347985795349
-0.08383795931594996,0.07089715589254085,0.028644106969599903
-0.07268059447866951,0.07560635316583035,0.029403495492728936
-0.05857920955060196,0.08028225852940296,0.03012241978734059
-0.04060114710383292,0.08338043304546958,0.030731176986944046
-0.028567853560157765,0.08356006468967223,0.032962225835388805
-0.05477172388163285,0.08166001001281391,0.03490309481609478
-0.05739822071169153,0.08067013754011314,0.03417393990149768
-0.04960231913314877,0.08210830234316932,0.033022592613784305
-0.032547101191506056,0.0828238074719723,0.03146773140656208
-0.015124793984978804,0.08203377687214974,0.031169296735767082
-0.004217837746729774,0.08064422993862687,0.031578521535184964
-0.03324410521815799,0.08345518579504382,0.03139325456461556
-0.03629255772810635,0.08309911612610416,0.03206418800799927
-0.028931504720707803,0.08296322551052301,0.03170861472038418
-0.01120779036752018,0.08175449429312527,0.030947747865605148
0.005282145919787149,0.07941893915335417,0.03204646686044969
0.015740930932595668,0.07686560467284609,0.03416880026651496
-0.021359151551083,0.08357754511619594,0.03721243874523811
-0.032096924405203696,0.08388665534425066,0.03962173013488352
-0.0028471085248575646,0.08190392669308777,0.043527758560497766
0.018187643556827983,0.0775751727291549,0.046019965209586525
0.027056018806222562,0.07360328296824467,0.04925508687083836
0.021375052783630187,0.07526385870703547,0.04949821906921928
0.008139425503301,0.07956592290706817,0.04951856888504247
-0.010004883613477155,0.08321131426023369,0.05177803089115504
-0.030433741433375704,0.08476597503837269,0.054873963390303884
-0.04012761985892533,0.08351516864894916,0.0561755794807242
-0.03753321200265559,0.08349525320232379,0.055895131178337415
-0.0288024325538157,0.08399360446447933,0.055079572329925504
-0.012357907894593559,0.0837490821097324,0.05486090008599972
0.0082821784603576,0.08001596902437028,0.05508607102563952
0.019483737263771443,0.07592200789891976,0.05666548948727689
-0.011633184151744464,0.08315635060798911,0.05889741403536145
-0.03391145559492463,0.08379492558469945,0.062136371198261424
-0.03868204024060346,0.08301218639430506,0.06241715848115394
-0.031054319265758072,0.08346130793898462,0.06170570745121028
-0.014575628444711563,0.0830118940964806,0.0611758244240027
0.007724847422295805,0.07900044717027553,0.06109174313439382
0.027164247465586648,0.07173335069773695,0.0628691105178358
0.03382156349201148,0.06614321427367122,0.06448482029519083
0.03149525614666128,0.0674416414880584,0.06369590908097938
0.021961321199840806,0.07227232367325245,0.06322836864909653
-7.694190991979887E-4,0.08042882361126695,0.06542038922811066
-0.02044647810461303,0.08333319671570437,0.06674627224242038
-0.03873311041540596,0.08256733044510366,0.06771711084147812
-0.05398196266512232,0.08055430101793264,0.06781819294506189
-0.0671809884597234,0.07654692028818373,0.06794710283719943
-0.07441855621977354,0.07405479737537754,0.06635119046299157
-0.06153275605548264,0.079818373889763,0.06027604932152128
-0.04481440071145002,0.08362636173278247,0.056134090463918665
-0.03258391755875494,0.0850509636726331,0.053646965383707466
-0.06631931356088228,0.0787644684276137,0.05343951873032561
-0.07875794528016358,0.07354360659136003,0.055768261446651035
-0.08557269783424035,0.07056691635995904,0.05765465029654018
-0.09190640229017774,0.06698437455155849,0.06118162946516331
-0.0858590632744371,0.06952635265593023,0.062389121968492486
-0.06945615400309746,0.07718084572726684,0.061046250695041424
-0.049244541400836964,0.08215862255706669,0.05950597349633659
-0.027835895472771478,0.0839911521042571,0.059171735578977994
-0.014368482658556217,0.08349652829133206,0.06052603959772649
-0.044034165909033,0.0820015661491901,0.06728269006048845
-0.05788693291740996,0.07885856808907735,0.07078731691733788
-0.07020429983172553,0.07444308758053061,0.07410936510735083
-0.08260038500986706,0.06843474657694872,0.07795733998265035
-0.08611727923539492,0.06591069168705002,0.0799399145510405
-0.06383807663895742,0.07642167322207766,0.0804462729588921
-0.0384996774565262,0.0810540264413685,0.07754337259486062
-0.016119910308303766,0.08052717155281798,0.075912898333256
9.723388821087295E-4,0.07704367874346979,0.07507010805088375
0.00918253203296218,0.07407000627083248,0.07506943636728905
-0.006360707900398176,0.07681880553533976,0.07949004661672723
-0.015406002268673776,0.07785936984187761,0.08259968899410784
-0.030528146048227955,0.07848204540504383,0.08653834900146119
-0.049369172682963564,0.07697829877084511,0.0912759075931115
-0.06602456774137011,0.07116831398546018,0.09571458895608434
-0.07688998021891025,0.06576820321740505,0.0972415517538141
-0.08703919258726395,0.05853864382320613,0.09924828025259178
-0.0845868214163144,0.060436633193455984,0.09990669652693053
-0.07475957319345455,0.06478955334359753,0.09908372718801833
-0.06239808394017923,0.07093035909628881,0.09829373468876779
-0.04751266796949194,0.07574704925647491,0.09662823558027943
-0.026665937218600954,0.0775691395969339,0.09273673152772322
-0.004849159655157524,0.07482957752460591,0.0875528125083814
0.012189154273507093,0.06950984754318316,0.0830610053672605
0.023850702786011417,0.06523779678978565,0.07896004588795515
0.012270952505799421,0.06781854866729038,0.08447267712854128
-0.0010823582208136437,0.06968907602339937,0.09102936989613132
-0.017536624175650356,0.07140826356627981,0.09846990254372506
-0.034563047993491386,0.07024312040315296,0.1052081021092376
-0.05503502537191883,0.06531242314060445,0.11025551399279261
-0.0715452321493652,0.05857212210830717,0.11243069540131377
-0.08331379165928168,0.052592360917041024,0.11199085093223243
-0.09298675495012959,0.046399552934024285,0.10973631983699486
-0.09778026029137192,0.042588096513835404,0.107381514855583
-0.07613882604898942,0.055577712402667755,0.11258038040426083
-0.0561264086166106,0.06479694628479368,0.11381685731018416
-0.03428620896738823,0.06808719070938506,0.11106005283605991
-0.016229571511140493,0.0669209006635325,0.10606629560301609
-0.0012994601841043556,0.06458805427181896,0.10043694364431095
0.01618466127327071,0.06204620188950405,0.0954505137259952
0.02814704391504627,0.05815427180861014,0.09068246572107945
0.014159044802844491,0.05787180672731136,0.09929385900642476
0.004044714868051576,0.05818641244492906,0.10504549818257213
-0.012011089119847971,0.05838936866461727,0.11282109893589264
-0.02956125083131555,0.058145718862131074,0.11924857578727747
-0.04927383691485403,0.05407102045692257,0.12323740804818734
-0.06862893177477528,0.04774235405434012,0.12370461734633545
-0.08270223885077747,0.040248859722266314,0.12166266469269149
-0.08793632293705489,0.037470455118831944,0.12050731555178547
-0.06195678892340779,0.045364111894600614,0.1262278046165521
-0.045014097271547204,0.04991145273226144,0.12692558029405623
-0.02374247412664741,0.052724849179740615,0.12397044083699583
-0.0055743131610484775,0.0511436708091595,0.1180410393420309
0.008805200082247663,0.04984290644192466,0.11302131714386066
0.022497593848853626,0.04817507460118581,0.10823209070410772
0.025101814627911518,0.04691860366220591,0.10449319850006893
0.02214311096652906,0.048249858944266436,0.10412736791344711
0.014978531296414015,0.04861461834947357,0.10820973839233404
0.0030867014206700343,0.05001083801904356,0.11398597876481395
-0.010831532824410309,0.05270264240242994,0.12003634608099047
-0.02962750596692886,0.05330718418545017,0.12557583367988479
-0.0492079399151089,0.05100357959264016,0.1270957061353697
-0.06375978813817329,0.04835917184239763,0.1272712650809
-0.07824967885604249,0.04309169428093619,0.12571025671330302
-0.0858269743006482,0.03961450203464602,0.12417933286558962
-0.05953299699473899,0.041697495300830424,0.13086797222568103
-0.04078594521181386,0.042362080690002725,0.13184591686052557
-0.024462685357557454,0.04131217700754885,0.13063393914291224
-0.003910986934873142,0.03903768171560688,0.1261938532079365
0.014151380695265425,0.03526428443436252,0.12079641413448515
0.025475063829728736,0.030773090693629872,0.11330018981463746
0.030660441437933627,0.028797614455171167,0.10938619534713856
0.016541722733846187,0.02743755516897504,0.11975306666363916
0.0040354749626525035,0.027684980075111058,0.12798547503551527
-0.018263854869576674,0.02606514617604664,0.13550451933468624
-0.03897657117859473,0.025436990581721323,0.13926733791275453
-0.05721313609501608,0.02315182197905493,0.13870546203096445
-0.07186805582094266,0.02057344256187796,0.13503459191507552
-0.07940609957439584,0.018882983439721408,0.13217098504133332
-0.05151777301052284,0.01790214068026175,0.13999141910524504
-0.03299670496041924,0.017771393808109933,0.14050419931045519
-0.006032368936450677,0.016001142233673438,0.1353757695166764
0.01794189072408284,0.011534821282881455,0.1274525851256735
0.03277523373953671,0.005862074698762833,0.117777778606768
0.03851271360212793,0.0024386583188210353,0.11172868403684219
0.022410280324191314,0.0020585419628001925,0.12103981469243313
0.00935486701273039,0.004031548500916068,0.12916837105057447
-0.009298496427078903,0.005957384429964963,0.13732393285567238
-0.028906291955587932,0.007491852319548974,0.14209779531787387
-0.04596036386245249,0.007869257443286544,0.14283684658001328
-0.05754842289480624,0.00857577185557237,0.14113164124108285
-0.06347277805341381,0.009823816874067508,0.1390811779796492
-0.039428180508369756,0.011575346358735413,0.14252783917001877
-0.02238786101884331,0.010188314947717698,0.14087748903755726
-0.004282373830175861,0.0075191700417644725,0.13597881583637086
0.015866063604937808,0.0030224033958001074,0.1277520571395902
0.029397152976515385,-0.002496136106451121,0.1176078301024784
0.036571473942244935,-0.0056786461122054575,0.11210412691789733
0.02826630315915012,-0.006855760586146162,0.11701213463782491
0.01951912108754759,-0.00500277001813531,0.12260795734419237
0.009287609096686151,-0.0027755264649027647,0.12888693405504598
-0.001965306390224752,-0.0014175634763124196,0.13373026241125516
-0.013141437546997772,5.292239653852326E-4,0.13774450094719864
-0.025000677058737476,0.0018983005684235477,0.14097158437627294
-0.03536541559256193,0.004185820577323401,0.14269769194370255
-0.04104444768146617,0.00685043235804203,0.1432439872770626
-0.04376420309159891,0.01007552039931953,0.14313564691033528
-0.042003177400584145,0.013797691414452818,0.14290277044160687
-0.036629133817022,0.018563423440793352,0.1432149463777175
-0.030344923738067086,0.02286644629118074,0.1414253380315686
-0.019567541056925635,0.026873321070697412,0.14032398566038787
-0.006551952454006232,0.030640975784207627,0.1354486157996162
0.003718094956271345,0.03321800209419857,0.1292562768563522
0.01438345273784611,0.035981761343732585,0.12349851876820551
0.02288438058648803,0.037710346505820155,0.11458581889389167
0.035171807342223735,0.03879200196345204,0.10812136491900677
0.039129208685613,0.03735434250811903,0.10240104063643045
0.04145086026467684,0.039517823085885216,0.09901440724395068
0.04395143652348335,0.04047366919033422,0.09579983470650456
0.05088537669449049,0.03739437965055997,0.08952700044796313
0.05868521776758319,0.03165521830700091,0.08146942597998007
0.06272499036065388,0.025036885852998104,0.0785905524286464
0.06012105609029059,0.02858449897963678,0.08120665017516286
0.05456930548893749,0.033085994460613825,0.08579517975391884
0.05351925112343367,0.03583312415455165,0.08547790341668034
0.051726136458629876,0.03782973830577312,0.0868263364813921
0.05760128374894963,0.028826723178260013,0.08401593385350759
0.06209395496092068,0.021491465587281728,0.08156238510625984
0.0644617344398061,0.01316527097553751,0.08052406741560304
0.06545656425443655,0.007017156473297485,0.08085723660275605
0.06603266161199095,0.0013810756202758756,0.08045387020254138
0.06342743805250217,0.01143559960878143,0.08305950977271437
0.061291873870544675,0.01826055568088464,0.08517595496184678
0.0630855615527375,0.02219369332526524,0.08615733805172858
0.06049409041058689,0.022491250262387356,0.08419883423795368
0.06455205630576104,0.014053774636458884,0.07969195972722388
0.06651342320143587,0.009246293186410294,0.07831676446545553
0.06718822280426064,0.006606681147437097,0.07768661069078205
0.06351346228803906,0.018315262945293936,0.08069247952213754
0.061734458176441555,0.022503287846948807,0.08101742843202658
0.05989192076182898,0.02680157814834979,0.08206612112325459
0.058298072894080684,0.030175950608420554,0.08195097132868298
0.06244277929652796,0.02425751616750105,0.07945827347173179
0.06560862874406587,0.016682321994611095,0.07704915941911018
0.06564644789174565,0.02315666117663995,0.07397971291067992
0.062383257115236464,0.03222879670018635,0.07548899850277756
0.05589469470989812,0.04204717534553257,0.07698833125058188
0.05132516754061553,0.04855549878762455,0.07650755331607942
0.04775985334570975,0.05433529858215515,0.07777343207281226
0.04373469269606088,0.05941755796803535,0.07729518393726918
0.04071152457840603,0.05912864805648304,0.07480781874586645
0.04303482358246348,0.06134810790093195,0.06704661524791432
0.046276454579708116,0.0604692383979768,0.06390028136949678
0.04298568734134914,0.06055982057337387,0.06807432567357928
0.04409626666857538,0.05853414171369873,0.07071879891326295
0.04829770179254251,0.054257748551663376,0.07248526556247897
0.054008966109583,0.047693656408561616,0.07254971893919357
0.05997794499736584,0.040405432562672344,0.07144831791803286
0.06509198194062929,0.0329428824480557,0.06908252588791446
0.06720634447919052,0.030111871194300612,0.06584449464398846
0.06907323513283935,0.02818833030991074,0.06214250737315682
0.07008504058762159,0.02830917860580457,0.058800106228612314
0.07124812263312301,0.027421855302831984,0.05543114533370214
0.07201639569754283,0.02665833549474303,0.05264424849292333
0.07321249787009038,0.02447321045147281,0.049779886759814186
0.07391795390323139,0.020802419304040084,0.046297412906755916
0.07420317330864996,0.020750072755528357,0.04237875117988645
0.0743828142601291,0.017867986955534987,0.03533096354332784
0.07347637237776543,0.019862548823785846,0.030512241091513816
0.07164171395225283,0.025958267843887148,0.03114960918741344
0.06903491459494414,0.0334999874209199,0.0327424252257981
0.06640175643773731,0.03742481184323472,0.03292195620679139
0.06294030164460371,0.04439279450650072,0.033352709407031556
0.06254706846134209,0.047029402412857135,0.03494759699295125
0.05956329528918704,0.0516939978496946,0.03742925915121593
0.06539059562751784,0.039433804785739233,0.03900730756664263
0.06348065704251368,0.04452484123572882,0.038948295140915884
0.060840407795117,0.04925391556142879,0.03943300116896393
0.05662242679403986,0.05406234574965889,0.0407204930716455
0.051254829656105,0.05981966875289661,0.04161051149910779
0.05695800010252466,0.05209128622404208,0.035371445034741336
0.043579834746659815,0.0647292918922042,0.03743917433100854
0.051530880783298136,0.05640076384158605,0.03139215130861774
0.047038209571327046,0.059698001179581656,0.03049541761456274
0.042299140882048086,0.06341442403129038,0.03035602914447723
0.03613719838848981,0.06860951387555791,0.03149686489780458
0.031095075127556902,0.07134119065787457,0.031619073647537174
0.027789481064255342,0.07225351681405727,0.02785999013244867
0.024841163343050112,0.07558741556666713,0.02759065442710393
0.018917739337699697,0.07587533834582304,0.029610592180125725
0.017452032483586205,0.07450287489776679,0.02591897363244855
0.021444029751841655,0.07293275069332443,0.017140666973823254
0.024676420843687284,0.07114414797236046,0.013082028269045823
0.023263932979585268,0.0705874381824859,0.011108464932432994
0.021332219733795857,0.0710521148225234,0.008823172925654599
0.020314898986643702,0.07155338600091846,0.004332762509765624
0.022475174543505585,0.07232298406196228,9.785221571876322E-4
0.022460276091389234,0.07156353293455525,-0.004917494466025417
0.021811119016726187,0.07276153636137088,-0.008155299722947602
0.015043210634207386,0.0751115040302569,-0.01391577436320268
0.011289660226986192,0.07556998971892051,-0.015047432533208217
0.008236766832272372,0.07669522208890216,-0.016412604329744597
0.0022561127151868765,0.07906858740772989,-0.016318193550836094
-0.005912465047784,0.08087181753996454,-0.013068163024748912
-0.011283142154185246,0.08184164141603571,-0.010440375158847343
-0.009249145304443686,0.08139981065354537,-0.005427627170711649
-0.002659302075583969,0.08040233093527194,-0.005332756571024542
-4.5354326346318946E-4,0.07931900590707061,-0.0036061891828163143
-0.004126942863385719,0.08072076628585688,-1.7672811440421583E-4
-0.003155248625839677,0.08160058081301982,0.0020819743242788576
0.0014007410076256905,0.07883059841609652,0.005916052568197614
0.0044436782252040286,0.07712261673449776,0.009013362960328083
0.0036237619685927235,0.0768926344631796,0.012320150750166393
0.002700559327598311,0.0773662008657454,0.015441597809788205
0.002153829111234631,0.07771580214138162,0.017882676468616833
2.1753172633253402E-4,0.07784685802423959,0.022210906683472496
0.0024229324025851554,0.0782723013655832,0.02464713446848994
0.007640757120447199,0.0771453120971902,0.02560848789080399
0.009985615903769032,0.07655699359431509,0.027410020190112842
0.027648160650671504,0.07115388489184263,0.02737953391555579
0.030600346239252993,0.06982805822308845,0.028255195890858762
0.03433985772044157,0.06875935689218411,0.028373227019729053
0.03787931450566474,0.06640177146304316,0.028835867927820773
0.04566955753749027,0.06126602727889106,0.03095158179789914
0.050953709018139254,0.05714402388486338,0.0330244617146284
0.05297588738423087,0.055349135456736254,0.03285366889778285
0.0552537747602031,0.05293543700839927,0.0320258471157053
0.06187792740523453,0.04413324468796133,0.03263577505353686
0.06271653835416492,0.04151153480936684,0.03451815891152498
0.06468327728786227,0.03964373474645408,0.03679922464746112
0.06560819898102405,0.038121171893936316,0.03886715168235663
0.0667088937582885,0.038441406251121225,0.045782057391314725
0.06584542818010643,0.039725297698562416,0.05011172827331975
0.06366581328636287,0.04237248538960188,0.054684656902041176
0.0609170488709075,0.045341646393607986,0.0588545942062001
0.058081400693831775,0.04801048166161616,0.06263433199182522
0.053237183313655075,0.051664526841059995,0.06576985615856003
0.04943378039358318,0.05435226194125537,0.06708522920783791
0.043120561309305735,0.05786497055169114,0.06947774733986643
0.04079117399548929,0.05975700430430813,0.06797636030742317
0.03954249747749279,0.061908749507510484,0.06729021197513645
0.03771192180087739,0.06668446743795088,0.06609794063812709
0.03225092282852117,0.06810887306551434,0.06375730849443402
0.03076394270383771,0.06914915932761356,0.06098121508792118
0.026588364989553102,0.07269389095695745,0.05626110614554502
0.022562416440994236,0.07517447172075217,0.05588900755827556
0.018407467352716794,0.07687154724211129,0.05666123339870496
0.011441581462268148,0.07941288624624653,0.059075364676682174
0.03296569039423484,0.06961956307698126,0.05792490564344216
0.009377501199599361,0.07740090400229022,0.0687206485045053
0.0048694301452965015,0.07694198295362474,0.07251230867393614
0.009374134722438521,0.07436028294044757,0.07493149484176966
0.02154452267645289,0.06841166970687321,0.07562117422099111
0.03648330089149899,0.059715719325152725,0.07437483863202614
0.03943434044530242,0.05729698240385799,0.07606631055241192
0.035409466304348006,0.05928927831200061,0.07691551321601758
0.02470478520444714,0.06391980216093304,0.08114257501280886
0.02276333066304317,0.0645116765688195,0.08150373834006013
0.027331855051894848,0.0614203005108568,0.08330150889736784
0.03655399691187772,0.055005675472688594,0.08413498663195768
0.04633361306426966,0.0487353242598886,0.08191422019218673
0.05184432129512933,0.0432623644168217,0.08008151581053843
0.0492441832649687,0.0458893870988389,0.08076564595333273
0.04073881453156135,0.05102320964106899,0.08519199533105541
0.031278225810544194,0.05451145294203326,0.09091819998379369
0.03281498682090463,0.052351274992907794,0.0920592507386455
0.04230594546354345,0.044197624983411544,0.09040404816301867
0.05226828253588083,0.035799048852672904,0.08642337497455924
0.06029604127548338,0.026478150146969436,0.0815843733278607
0.0609739208467745,0.02324493156976644,0.08166669537141902
0.04745443507732583,0.026716028825490203,0.09730526910341208
0.044608472587246484,0.026272862898443498,0.10017652344013776
0.042589374189621124,0.024783591955642656,0.10228491470355068
0.04326524820005044,0.021655695061017353,0.10287606217975227
0.04899757090613991,0.014659458960992192,0.09988555104853143
0.05508294395108124,0.008238024322798937,0.09591271678426701
0.060757391900872905,-0.0014931633086509267,0.08947885109196164
0.060697368329365814,-0.004594630541185074,0.08939342172710084
0.058689515398001366,-0.005279489948554782,0.09190529238423033
0.0533231359220183,-0.003572252662393891,0.09819316262529679
0.04730351662247483,-0.002037563692454684,0.1042979896706856
0.04088185399731238,-0.0013941261282183176,0.10956375051120262
0.0356812914282967,-0.001121775784540911,0.11327992788264911
0.03489948082805971,-0.0046959554372486756,0.11271956015023865
0.03658143011938038,-0.007786449633286514,0.1115971109506388
0.04033927815701968,-0.012893009585127587,0.10846316398486817
0.04224226890618105,-0.016707958748044878,0.10597825169406937
0.034346662301937024,-0.013687624728037466,0.11202366142034959
0.03159976019299619,-0.0126430902105807,0.11395846798580722
0.02928913919867232,-0.012021553499683684,0.1156091414052325